sample_id	cluster_id	size	mean	std
PyClone_simdeep	0	3	0.22764236790645082	0.07118798771872208
PyClone_simdeep	1	15	0.16508678905621116	0.006060788786036579
PyClone_simdeep	2	2	0.29950394083826354	0.01904549130129539
PyClone_simdeep	3	12	0.7496094081072455	0.011125056866358412
PyClone_simdeep	4	5	0.9863513707098586	0.011415105020769242
PyClone_simdeep	5	1	0.5086337644522485	0.21761504762138087
PyClone_simdeep	6	2	0.5157182782971799	0.11776218402259189
