mutation_id	ccf_true	minor_cn	major_cn	total_cn	purity	normal_cn	mult_true	vaf	total_counts	var_counts	ref_counts
0	1	1	3	4	0.8	2	1	0.22222222222222224	423	109	314
1	1	0	4	4	0.8	2	4	0.888888888888889	321	286	35
2	1	1	1	2	0.8	2	1	0.4	195	85	110
3	1	2	2	4	0.8	2	1	0.22222222222222224	357	72	285
4	1	0	1	1	0.8	2	1	0.6666666666666666	83	59	24
5	0.75	1	2	3	0.8	2	1	0.2142857142857143	290	72	218
6	0.75	2	1	3	0.8	2	2	0.4615384615384615	340	158	182
7	0.75	2	3	5	0.8	2	2	0.3157894736842105	448	151	297
8	0.75	0	3	3	0.8	2	1	0.2142857142857143	350	74	276
9	0.75	1	3	4	0.8	2	1	0.16666666666666666	414	68	346
10	0.75	0	2	2	0.8	2	2	0.6000000000000001	163	100	63
11	0.75	2	4	6	0.8	2	2	0.27272727272727276	607	172	435
12	0.75	0	1	1	0.8	2	1	0.4285714285714286	86	40	46
13	0.75	1	2	3	0.8	2	2	0.4615384615384615	298	132	166
14	0.75	0	2	2	0.8	2	2	0.6000000000000001	222	144	78
15	0.75	1	2	3	0.8	2	1	0.2142857142857143	291	59	232
16	0.5	1	2	3	0.8	2	2	0.3333333333333333	327	106	221
17	0.5	1	4	5	0.8	2	4	0.5	504	250	254
18	0.5	2	1	3	0.8	2	1	0.14285714285714285	348	52	296
19	0.3	1	2	3	0.8	2	1	0.08571428571428572	304	26	278
20	0.3	1	1	2	0.8	2	1	0.12	187	24	163
21	0.3	1	2	3	0.8	2	2	0.21428571428571425	306	73	233
22	0.3	2	4	6	0.8	2	2	0.16216216216216217	548	80	468
23	0.3	0	3	3	0.8	2	3	0.3214285714285714	269	79	190
24	0.3	1	1	2	0.8	2	1	0.12	188	28	160
25	0.2	0	1	1	0.8	2	1	0.13333333333333333	101	13	88
26	0.2	2	1	3	0.8	2	1	0.05714285714285715	297	18	279
27	0.2	0	2	2	0.8	2	1	0.08000000000000002	219	19	200
28	0.2	1	3	4	0.8	2	1	0.06896551724137931	333	28	305
29	0.2	0	2	2	0.8	2	1	0.08000000000000002	197	11	186
30	0.2	2	1	3	0.8	2	1	0.05714285714285715	349	17	332
31	0.15	0	3	3	0.8	2	1	0.04285714285714286	274	8	266
32	0.15	0	4	4	0.8	2	1	0.03333333333333333	458	14	444
33	0.15	1	1	2	0.8	2	1	0.06	192	7	185
34	0.15	1	4	5	0.8	2	1	0.027272727272727268	467	10	457
35	0.15	2	2	4	0.8	2	2	0.10714285714285712	413	32	381
36	0.15	1	4	5	0.8	2	1	0.027272727272727268	485	5	480
37	0.15	1	4	5	0.8	2	1	0.050847457627118633	587	22	565
38	0.15	2	2	4	0.8	2	1	0.03333333333333333	378	10	368
39	0.15	1	1	2	0.8	2	1	0.06	198	9	189
